﻿{"inkVersion":20,"root":[["^The cattle are rising from the ground ",{"#":"speaker:Crazy Joe"},{"#":"portrait:joe"},{"#":"layout:left"},{"#":"audio:animal_crossing_high"},"\n","^Howdy, Sir. Mind If I ask you something? ",{"#":"speaker:The Sheriff"},{"#":"portrait:sheriff"},{"#":"layout:right"},{"#":"audio:animal_crossing_mid"},"\n","ev","str","^Flying Object?","/str","/ev",{"*":"0.c-0","flg":4},"ev","str","^where?","/str","/ev",{"*":"0.c-1","flg":4},"ev","str","^What?","/str","/ev",{"*":"0.c-2","flg":4},{"c-0":["\n","^Deputy told me you saw some sort of flying object? Wanna tell me about that? ",{"#":"speaker:The Sheriff"},{"#":"portrait:sheriff"},{"#":"layout:right"},{"#":"audio:animal_crossing_mid"},"\n",{"->":"object"},{"->":"0.g-0"},{"#f":5}],"c-1":["\n","^Where were you when Sheriff Jimenez disappeared? ",{"#":"speaker:The Sheriff"},{"#":"portrait:sheriff"},{"#":"layout:right"},{"#":"audio:animal_crossing_mid"},"\n",{"->":"where"},{"->":"0.g-0"},{"#f":5}],"c-2":["\n","^What are you talking about? speaker:The Sheriff ",{"#":"speaker:The Sheriff"},{"#":"portrait:sheriff"},{"#":"layout:right"},{"#":"audio:animal_crossing_mid"},"\n",{"->":"what"},{"->":"0.g-0"},{"#f":5}],"g-0":["done",{"#f":5}]}],"done",{"object":["^oOoOohHh yeaH YeAh yEaH. I rememberz that. ",{"#":"speaker:Crazy Joe"},{"#":"portrait:joe"},{"#":"layout:left"},{"#":"audio:animal_crossing_high"},"\n","^It wuz a huGe and shinY.","\n","^It shot thru the sky faster than a steam engine","\n","^You sure it wasn't a bird, or a... ",{"#":"speaker:The Sheriff"},{"#":"portrait:sheriff"},{"#":"layout:right"},{"#":"audio:animal_crossing_mid"},"\n","^You know any birds made of metal, officer? ",{"#":"speaker:Crazy Joe"},{"#":"portrait:joe"},{"#":"layout:left"},{"#":"audio:animal_crossing_high"},"\n","^I know my repUtation in this town, but I know what I saws two.","\n","^Why do folks round here think you're crazy? ",{"#":"speaker:The Sheriff"},{"#":"portrait:sheriff"},{"#":"layout:right"},{"#":"audio:animal_crossing_mid"},"\n","^I been known to be drinkin' and druggin' a bit too hard in da past ",{"#":"speaker:Crazy Joe"},{"#":"portrait:joe"},{"#":"layout:left"},{"#":"audio:animal_crossing_high"},"\n","^But I's swear I had done nuthin' on that day","\n","^I've been trying to get sober. Didn't wanna be the crazy person no more.","\n","^You're drinking right now ",{"#":"speaker:The Sheriff"},{"#":"portrait:sheriff"},{"#":"layout:right"},{"#":"audio:animal_crossing_mid"},"\n","^It's not a perfect process, but I meanz it. I aint do nuthin' that night. ",{"#":"speaker:Crazy Joe"},{"#":"portrait:joe"},{"#":"layout:left"},{"#":"audio:animal_crossing_high"},"\n","^Nobody else believed me, but Jimenez could tell I was cleaned.","\n","^That's why he tried to help me","\n","^Alright, well I'll see what I can do","\n","end",{"#f":1}],"where":[["^He was investigating your report about the object ",{"#":"speaker:The Sheriff"},{"#":"portrait:sheriff"},{"#":"layout:right"},{"#":"audio:animal_crossing_mid"},"\n","^Did you go with him to show him the area?","\n","^OhH yeah I accompanied him to the spot where I last saw the object ",{"#":"speaker:Crazy Joe"},{"#":"portrait:joe"},{"#":"layout:left"},{"#":"audio:animal_crossing_high"},"\n","^I was helping to iDentiFy in case we found the object.","\n","ev","str","^Where was this spot?","/str","/ev",{"*":".^.c-0","flg":4},"ev","str","^What did you see","/str","/ev",{"*":".^.c-1","flg":4},"ev","str","^You're still here?","/str","/ev",{"*":".^.c-2","flg":4},{"c-0":["^ ","\n","^Just a few miles out of town ",{"#":"speaker:Crazy Joe"},{"#":"portrait:joe"},{"#":"layout:left"},{"#":"audio:animal_crossing_high"},"\n","^I was gazing at the stars","\n","^Then WOOOooOoOooOSssSHHhH!!!!","\n","^I didn't know what, it was like nuthin' ever seen before.","\n","^Did you see anything else? ",{"#":"speaker:The Sheriff"},{"#":"portrait:sheriff"},{"#":"layout:right"},{"#":"audio:animal_crossing_mid"},"\n","^There was one other thing? ",{"#":"speaker:Crazy Joe"},{"#":"portrait:joe"},{"#":"layout:left"},{"#":"audio:animal_crossing_high"},"\n","^There's another village few dozen miles west.","\n","^I take my horse and wagon down there every fEw months. Trade supplies.","\n","^My last trip was about a week ago. When I was there I saw myself","\n","^Saw yourself? ",{"#":"speaker:The Sheriff"},{"#":"portrait:sheriff"},{"#":"layout:right"},{"#":"audio:animal_crossing_mid"},"\n","^There was a man who looked exactly like me, ok. ",{"#":"speaker:Crazy Joe"},{"#":"portrait:joe"},{"#":"layout:left"},{"#":"audio:animal_crossing_high"},"\n","^I've been going to this town for years. I know all the people there.","\n","^He aint one of them?","\n","^You sure it wasn't ... a mirror!? ",{"#":"speaker:The Sheriff"},{"#":"portrait:sheriff"},{"#":"layout:right"},{"#":"audio:animal_crossing_mid"},"\n","^I knew I shouldn't have said nothing. No one ever believes me ",{"#":"speaker:Crazy Joe"},{"#":"portrait:joe"},{"#":"layout:left"},{"#":"audio:animal_crossing_high"},"\n","^I'm tellin yee, this guy looked and sounded exactly like me.","\n","^Alright. Goodbye. ",{"#":"speaker:The Sheriff"},{"#":"portrait:sheriff"},{"#":"layout:right"},{"#":"audio:animal_crossing_mid"},"\n","done",{"#f":5}],"c-1":["^ ","\n","^No things. It was like it just vanished. ",{"#":"speaker:Crazy Joe"},{"#":"portrait:joe"},{"#":"layout:left"},{"#":"audio:animal_crossing_high"},"\n","^Dan said something about goo? ",{"#":"speaker:The Sheriff"},{"#":"portrait:sheriff"},{"#":"layout:right"},{"#":"audio:animal_crossing_mid"},"\n","^Oh yeAh yeaH Yeah. it wuz the craziest thing. ",{"#":"speaker:Crazy Joe"},{"#":"portrait:joe"},{"#":"layout:left"},{"#":"audio:animal_crossing_high"},"\n","^Whatever it wuz, I don't think it came from this world ",{"#":"speaker:The Sheriff"},{"#":"portrait:sheriff"},{"#":"layout:right"},{"#":"audio:animal_crossing_mid"},"\n","^Are you saying aliens? ",{"#":"speaker:The Sheriff"},{"#":"portrait:sheriff"},{"#":"layout:right"},{"#":"audio:animal_crossing_mid"},"\n","^Nobody believes me about these things. I dont expect you will either. ",{"#":"speaker:Crazy Joe"},{"#":"portrait:joe"},{"#":"layout:left"},{"#":"audio:animal_crossing_high"},"\n","^I'm just tryin' to give you what I saw.","\n","^Well I'll be sure to keep it in mind, Thanks ",{"#":"speaker:The Sheriff"},{"#":"portrait:sheriff"},{"#":"layout:right"},{"#":"audio:animal_crossing_mid"},"\n","done",{"#f":5}],"c-2":["\n","^Why didn''t you disappear? ",{"#":"speaker:The Sheriff"},{"#":"portrait:sheriff"},{"#":"layout:right"},{"#":"audio:animal_crossing_mid"},"\n","^You were with him, right?","\n","^I took him to the spOt where I spOtted the object ",{"#":"speaker:Crazy Joe"},{"#":"portrait:joe"},{"#":"layout:left"},{"#":"audio:animal_crossing_high"},"\n","^He tOld me tO wait back while he went out further into the desert.","\n","^He neVer came back. I went back into town to get Dan to help look for him","\n","^He searched all night. That's all I know.","\n","^So you were the last person to see Sheriff Jimenez alive? ",{"#":"speaker:The Sheriff"},{"#":"portrait:sheriff"},{"#":"layout:right"},{"#":"audio:animal_crossing_mid"},"\n","^How do I know you didn't kill him?","\n","^Why would I would I alert the Deputy? And help search? and talk to you? ",{"#":"speaker:Crazy Joe"},{"#":"portrait:joe"},{"#":"layout:left"},{"#":"audio:animal_crossing_high"},"\n","^To make yourself look innocent ",{"#":"speaker:The Sheriff"},{"#":"portrait:sheriff"},{"#":"layout:right"},{"#":"audio:animal_crossing_mid"},"\n","^If you think I did this then arrest me. I told yoU wut I know ",{"#":"speaker:Crazy Joe"},{"#":"portrait:joe"},{"#":"layout:left"},{"#":"audio:animal_crossing_high"},"\n","^I need to gather more evidence, but you're not off the hook yet ",{"#":"speaker:The Sheriff"},{"#":"portrait:sheriff"},{"#":"layout:right"},{"#":"audio:animal_crossing_mid"},"\n","end",{"#f":5}]}],{"#f":1}],"what":["^Farmer Gerald has reported cattle going missing. ",{"#":"speaker:Crazy Joe"},{"#":"portrait:joe"},{"#":"layout:left"},{"#":"audio:animal_crossing_high"},"\n","^Missing? How? ",{"#":"speaker:The Sheriff"},{"#":"portrait:sheriff"},{"#":"layout:right"},{"#":"audio:animal_crossing_mid"},"\n","^Maybe they're turning into cHicKeNs. HahaHahAhaHa!!! Ha hA HA ha!",{"#":"speaker:Crazy Joe"},{"#":"portrait:joe"},{"#":"layout:left"},{"#":"audio:animal_crossing_high"},"\n","^Ok then. Bye now ",{"#":"speaker:The Sheriff"},{"#":"portrait:sheriff"},{"#":"layout:right"},{"#":"audio:animal_crossing_mid"},"\n","end",{"#f":1}],"#f":1}],"listDefs":{}}