﻿{"inkVersion":20,"root":[[{"->":"main"},["done",{"#f":5,"#n":"g-0"}],null],"done",{"main":["^Howdy! You must be our new sheriff! ",{"#":"speaker:Deputy Dan"},{"#":"portrait:deputy"},{"#":"layout:left"},{"#":"audio:animal_crossing_high"},"\n","^Yeah, that's me. ",{"#":"speaker:The Sheriff"},{"#":"portrait:sheriff"},{"#":"layout:right"},{"#":"audio:animal_crossing_mid"},"\n","^Well, it's great to meet you. I'm the Deputy round these parts. Deputy Daniel Decker. ",{"#":"speaker:Deputy Dan"},{"#":"portrait:deputy"},{"#":"layout:left"},{"#":"audio:animal_crossing_high"},"\n","^Folks around here call me Dan.","\n","^I have heard a lot about you. You're that big hot shot sheriff down from New Cactusberg.","\n","^You brought that notorious son of a bitch, Jeremiah Hook Longstocking, behind bars.","\n","^You could be sheriff of any city in the West.","\n","^We don't get many big city folk round here. What made you decide to come here?","\n","^I just needed a fresh start ",{"#":"speaker:The Sheriff"},{"#":"portrait:sheriff"},{"#":"layout:right"},{"#":"audio:animal_crossing_mid"},"\n","^We haven't had a serious crime in this town since...  ",{"#":"speaker:Deputy Dan"},{"#":"portrait:deputy"},{"#":"layout:left"},{"#":"audio:animal_crossing_high"},"\n","^Hell, we haven't even had a not serious crime in years.","\n","^Folks round here are friendly. They're honest. We're a tight knit community.","\n","^We don't even appear on most maps. Not much traffic through here. In or out.","\n","^I'm just not sure a Sheriff of your skill and stature is being put to best use here.","\n","^I'm exactly where I should be. ",{"#":"speaker:The Sheriff"},{"#":"portrait:sheriff"},{"#":"layout:right"},{"#":"audio:animal_crossing_mid"},"\n","^Alright. ",{"#":"speaker:Deputy Dan"},{"#":"portrait:deputy"},{"#":"layout:left"},{"#":"audio:animal_crossing_high"},"\n","^Well it's great to have you here in our little town. You're more than welcome as long as you're willing.","\n",{"->":"question"},{"#f":1}],"question":[["^You got any questions for me?","\n","ev","str","^Former Sheriff?","/str","/ev",{"*":".^.c-0","flg":4},"ev","str","^Yourself","/str","/ev",{"*":".^.c-1","flg":4},"ev","str","^Not Really","/str","/ev",{"*":".^.c-2","flg":20},"ev","str","^Yes","/str","/ev",{"*":".^.c-3","flg":20},"ev","str","^No","/str","/ev",{"*":".^.c-4","flg":20},{"c-0":["\n","^Tell me about your previous sheriff.","\n",{"->":"oldSheriff"},{"#f":5}],"c-1":["^ ","\n","^Tell me about yourself.","\n",{"->":"yourself"},{"#f":5}],"c-2":["^ ","\n","^I don't have any questions. ",{"#":"speaker:The Sheriff"},{"#":"portrait:sheriff"},{"#":"layout:right"},{"#":"audio:animal_crossing_mid"},"\n","^Are you sure? ",{"#":"speaker:Deputy Dan"},{"#":"portrait:deputy"},{"#":"layout:left"},{"#":"audi:animal_crossing_high"},"\n","done",{"#f":5}],"c-3":["\n",{"->":".^.^.^"},{"#f":5}],"c-4":["\n",{"->":"none"},"done",{"#f":5}]}],{"#f":1}],"oldSheriff":["^Oh yes, Sheriff Hank Jimenez. He was the finest man I ever knew. And an even better officer. ",{"#":"speaker:Deputy Dan"},{"#":"portrait:deputy"},{"#":"layout:left"},{"#":"audio:animal_crossing_high"},"\n","^He was a father to me after I no longer had one.","\n","^He founded this quaint little town. Built most of by hand.","\n","^He wanted to create a place that was safe. Isolated from big city crime.","\n","^What happened to him? ",{"#":"speaker:The Sheriff"},{"#":"portrait:sheriff"},{"#":"layout:right"},{"#":"audio:animal_crossing_mid"},"\n","^Not really sure. No one is. ",{"#":"speaker:Deputy Dan"},{"#":"portrait:deputy"},{"#":"layout:left"},{"#":"audio:animal_crossing_high"},"\n","^He went to check some sorta disturbance on the far outskirts of town.","\n","^Crazy Joe, he's our town's drunk, reported some shiny round object soaring across the sky.","\n","^Clearly it was just nonsense. Joe aint exactly all there mentally.","\n","^But Jimenez was a good man so he went to check it out anyway.","\n","^A few hours went by and he never came back, so I went to check up on him.","\n","^Found his hat and his horse just stranded in the middle of the desert.","\n","^Jimenez was nowhere in sight.","\n","^There was only one set of tracks out there. Those were from Buckle, his horse.","\n","^No one else had been out in that desert for days.","\n","^I searched the desert the rest of the day. Into the late night. Nothing.","\n","^It's like he just vanished off the face of the earth.","\n","^The only thing I came across was some strange green slime. It was like nothing I had ever seen before.","\n","^Slime? ",{"#":"speaker:The Sheriff"},{"#":"portrait:sheriff"},{"#":"layout:right"},{"#":"audio:animal_crossing_mid"},"\n","^I know. I know. It sounds crazy, but I swear. It was the only other thing out there.","\n",{"->":"question"},{"#f":1}],"yourself":[["^Not much to say about me. Born and raised right here. Everyone in town has been here their whole lives. ",{"#":"speaker:Deputy Dan"},{"#":"portrait:deputy"},{"#":"layout:left"},{"#":"audio:animal_crossing_high"},"\n","^I wanted more. Wanted to see more of the world. But when my father grew ill, I stayed nearby to take care of him.","\n","^I became an officer. Worked my myself all the way up to Deputy. Been one now for nearly a decade.","\n","ev","str","^Regret Staying Here?","/str","/ev",{"*":".^.c-0","flg":20},"ev","str","^Like being Deputy?","/str","/ev",{"*":".^.c-1","flg":20},{"c-0":["^ ","\n","^Do you regret staying here? ",{"#":"speaker:The Sheriff"},{"#":"portrait:sheriff"},{"#":"layout:right"},{"#":"audio:animal_crossing_mid"},"\n","^No, not at all. This town is my home.",{"#":"speaker:Deputy Dan"},{"#":"portrait:deputy"},{"#":"layout:left"},{"#":"audio:animal_crossing_high"},"\n","^These people are my family","\n","^I would do anything to protect these people. Anything.","\n","done",{"#f":5}],"c-1":["^ ","\n","^Do you like being a Deputy? ",{"#":"speaker:The Sheriff"},{"#":"portrait:sheriff"},{"#":"layout:right"},{"#":"audio:animal_crossing_mid"},"\n","^It has its ups and downs. As you surely know. ",{"#":"speaker:Deputy Dan"},{"#":"portrait:deputy"},{"#":"layout:left"},{"#":"audio:animal_crossing_high"},"\n","^I can't even imagine trying to jurisdict a big city. With actual crime.","\n","^I already got my hands more than full with this.","\n","done","^From my experience, it is best to keep a distance. ",{"#":"speaker:The Sheriff"},{"#":"portrait:sheriff"},{"#":"layout:right"},{"#":"audio:animal_crossing_mid"},"\n","^When you get too close to someone it can be hard to see them for who they truly are.","\n",{"->":"question"},{"#f":5}]}],{"#f":1}],"none":["^Well, anyway, looks like you best start getting settled in here. ",{"#":"speaker:Deputy Dan"},{"#":"portrait:deputy"},{"#":"layout:left"},{"#":"audio:animal_crossing_high"},"\n","^I'd recommend walking round and introducing yourself to the townsfolk.","\n","^There aint many of us. Everyone knows one another. Best you do as well","\n","^Any advice for talking to them? ",{"#":"speaker:The Sheriff"},{"#":"portrait:sheriff"},{"#":"layout:right"},{"#":"audio:animal_crossing_mid"},"\n","^Well many folks have't been the same since Jimenz disappeared. ",{"#":"speaker:Deputy Dan"},{"#":"portrait:deputy"},{"#":"layout:left"},{"#":"audio:animal_crossing_high"},"\n","^What do you mean? ",{"#":"speaker:The Sheriff"},{"#":"portrait:sheriff"},{"#":"layout:right"},{"#":"audio:animal_crossing_mid"},"\n","^I don't really know how to describe it. Everyone has just been acting... strange.",{"#":"speaker:Deputy Dan"},{"#":"portrait:deputy"},{"#":"layout:left"},{"#":"audio:animal_crossing_high"},"\n","^Like they're not really themselves anymore.","\n","^I know grief works in mysterious ways, but this is something else.","\n","^Virgina never drank a day in her life. Now it seems like she lives at the saloon.","\n","^Bradsworth hasn't slpet a wink. I see him wandering the streets late into the night.","\n","^And Colt. He's one of the finest blacksmiths west of the Mississippi.","\n","^But lately his craftsmanship has been very sloppy.","\n","^I try not to pry. Give them all their space to work through their trouble on their own merits.","\n","^You know guilt can also cause strange behaviors ",{"#":"speaker:The Sheriff"},{"#":"portrait:sheriff"},{"#":"layout:right"},{"#":"audio:animal_crossing_mid"},"\n","^Guilt? You best not be suggesting what I think you are. ",{"#":"speaker:Deputy Dan"},{"#":"portrait:deputy"},{"#":"layout:left"},{"#":"audio:animal_crossing_high"},"\n","^I can assure you Sheriff. Nobody had nothing to do with Jimenez' disappearance.","\n","^Nobody had a reason to. Everyone loved him.","\n","^All I'm saying is, nothing about these circumstances are natural. ",{"#":"speaker:The Sheriff"},{"#":"portrait:sheriff"},{"#":"layout:right"},{"#":"audio:animal_crossing_mid"},"\n","^Whatever happened to him made sure that he couldn't be found.","\n","^Look I appreciate your concern, but there aint no foul play or nothing like that ",{"#":"speaker:Deputy Dan"},{"#":"portrait:deputy"},{"#":"layout:left"},{"#":"audio:animal_crossing_high"},"\n","^You don't even know these people, Sheriff.","\n","^You're right. I think I should change that. So long, partner ",{"#":"speaker:The Sheriff"},{"#":"portrait:sheriff"},{"#":"layout:right"},{"#":"audio:animal_crossing_mid"},"\n","end",{"#f":1}],"#f":1}],"listDefs":{}}