﻿{"inkVersion":20,"root":[["^Howdy folks. Just thought I'd come and introduce myself here now ",{"#":"speaker:The Sheriff"},{"#":"portrait:sheriff"},{"#":"layout:left"},{"#":"audio:animal_crossing_mid"},"\n","^Oh my god. You must be our new Sheriff ",{"#":"speaker: Ms Virgina"},{"#":"portrait: virgina"},{"#":"layout: right"},{"#":"audio:animal_crossing_high"},"\n","^Why yes ma'am. That is me indeed. ",{"#":"speaker:The Sheriff"},{"#":"portrait:sheriff"},{"#":"layout:left"},{"#":"audio:animal_crossing_mid"},"\n","^I must buy you a drink. You know to welocome you to the town properly ",{"#":"speaker: Ms Virgina"},{"#":"portrait: virgina"},{"#":"layout: right"},{"#":"audio:animal_crossing_high"},"\n","^Why, thank you ma'am, but that will not be necessary ",{"#":"speaker:The Sheriff"},{"#":"portrait:sheriff"},{"#":"layout:left"},{"#":"audio:animal_crossing_mid"},"\n","^Oh please, I insist. ",{"#":"speaker: Ms Virgina"},{"#":"portrait: virgina"},{"#":"layout: right"},{"#":"audio:animal_crossing_high"},"\n","^I would love to, but I'm afraid I can't be drinking on duty, Miss. ",{"#":"speaker:The Sheriff"},{"#":"portrait:sheriff"},{"#":"layout:left"},{"#":"audio:animal_crossing_mid"},"\n","^On duty? You just got here. You can't already be on duty ",{"#":"speaker: Ms. Virgina"},{"#":"portrait: virgina"},{"#":"layout: right"},{"#":"audio:animal_crossing_high"},"\n","^Technically you would be correct. I do not officially begin my post until Monday. ",{"#":"speaker:The Sheriff"},{"#":"portrait:sheriff"},{"#":"layout:left"},{"#":"audio:animal_crossing_mid"},"\n","^However, some matters were brought to my attention upon arrival that I feel need immediate tending towards.","\n","^Matters? What matters? Let me tell you something mister. In this town... NOTHING matters ",{"#":"speaker: Ms Virgina"},{"#":"portrait: virgina"},{"#":"layout: right"},{"#":"audio:animal_crossing_high"},"\n","^Your old sheriff has disappeared. I'd say that matters. Wouldn't you? ",{"#":"speaker:The Sheriff"},{"#":"portrait:sheriff"},{"#":"layout:left"},{"#":"audio:animal_crossing_mid"},"\n","^I would have. Ten weeks ago when it first happened. ",{"#":"speaker: Ms Virgina"},{"#":"portrait: virgina"},{"#":"layout: right"},{"#":"audio:animal_crossing_high"},"\n","^At this point. He either dead or he aint want to be found.","\n","^You don't seem too upset or bothered by that. ",{"#":"speaker:The Sheriff"},{"#":"portrait:sheriff"},{"#":"layout:left"},{"#":"audio:animal_crossing_mid"},"\n","^I've made my peace with it. ",{"#":"speaker: Ms Virgina"},{"#":"portrait: virgina"},{"#":"layout: right"},{"#":"audio:animal_crossing_high"},"\n","^Do you mind if I ask you something? ",{"#":"speaker:The Sheriff"},{"#":"portrait:sheriff"},{"#":"layout:left"},{"#":"audio:animal_crossing_mid"},"\n","^Go ahead, Sheriff. ",{"#":"speaker: Ms Virgina"},{"#":"portrait: virgina"},{"#":"layout: right"},{"#":"audio:animal_crossing_high"},"\n","ev","str","^Drink here often?","/str","/ev",{"*":"0.c-0","flg":4},"ev","str","^Jimenez?","/str","/ev",{"*":"0.c-1","flg":4},"ev","str","^About Yourself?","/str","/ev",{"*":"0.c-2","flg":4},{"c-0":["\n",{"->":"drink"},{"->":"0.g-0"},{"#f":5}],"c-1":["\n",{"->":"jimenez"},{"->":"0.g-0"},{"#f":5}],"c-2":["\n",{"->":"about"},{"->":"0.g-0"},{"#f":5}],"g-0":["done",{"#f":5}]}],"done",{"drink":[["^Do you drink here often, ma'am? Deputy told me you aint one to drink ",{"#":"speaker:The Sheriff"},{"#":"portrait:sheriff"},{"#":"layout:left"},{"#":"audio:animal_crossing_mid"},"\n","^Oh, Danny. He has this idealistic picture of a woman in his head for me. ",{"#":"speaker: Ms Virgina"},{"#":"portrait: virgina"},{"#":"layout: right"},{"#":"audio:animal_crossing_high"},"\n","^He has always had a thing for me. Staring at me like a puppy dog.","\n","^He's very sweet, but he's just a boy. Me persoanlly, I've always had a thing for men. Older men.","\n","ev","str","^Buy Her Drink","/str","/ev",{"*":".^.c-0","flg":20},"ev","str","^Else ","/str","/ev",{"*":".^.c-1","flg":20},{"c-0":["\n","^Let me buy you a drink ma'am ",{"#":"speaker:The Sheriff"},{"#":"portrait:sheriff"},{"#":"layout:left"},{"#":"audio:animal_crossing_mid"},"\n","^I'd love one. Thank you. ",{"#":"speaker: Ms Virgina"},{"#":"portrait: virgina"},{"#":"layout: right"},{"#":"audio:animal_crossing_high"},"\n","^I'll take a glass of Cactus Wine","\n","^Comin' left up ma'am.","\n","done",{"#f":5}],"c-1":["\n","end",{"#f":5}]}],{"#f":1}],"jimenez":[["^What were your feelings about Sheriff Jimenez? ",{"#":"speaker:The Sheriff"},{"#":"portrait:sheriff"},{"#":"layout:left"},{"#":"audio:animal_crossing_mid"},"\n","^He was a fine man. Great Sheriff even. ",{"#":"speaker: Ms Virgina"},{"#":"portrait: virgina"},{"#":"layout: right"},{"#":"audio:animal_crossing_high"},"\n","^But if I'm being honest. I don't really miss him.","\n","^Especially now that you're here in town","\n","ev","str","^Don't miss him?","/str","/ev",{"*":".^.c-0","flg":20},"ev","str","^Anyone else?","/str","/ev",{"*":".^.c-1","flg":20},{"c-0":["\n","^Why don't you miss him? ",{"#":"speaker:The Sheriff"},{"#":"portrait:sheriff"},{"#":"layout:left"},{"#":"audio:animal_crossing_mid"},"\n","^I didn't like how he treated many of the women at my work. ",{"#":"speaker: Ms Virgina"},{"#":"portrait: virgina"},{"#":"layout: right"},{"#":"audio:animal_crossing_high"},"\n","^Was very rough. Often right many of them with massive bruises.","\n","^None of the girls wanted to stand up to him.","\n","^They all accepted it as part of the job, but not me.","\n","^Are you happy that Jimenez is gone, Madam? ",{"#":"speaker:The Sheriff"},{"#":"portrait:sheriff"},{"#":"layout:left"},{"#":"audio:animal_crossing_mid"},"\n","^Why, Sheriff? You think a little dame like me could do something to a man like that? ",{"#":"speaker: Ms Virgina"},{"#":"portrait: virgina"},{"#":"layout: right"},{"#":"audio:animal_crossing_high"},"\n","^I'm just trying to get all the facts, ma'am. ",{"#":"speaker:The Sheriff"},{"#":"portrait:sheriff"},{"#":"layout:left"},{"#":"audio:animal_crossing_mid"},"\n","done",{"#f":5}],"c-1":["^ ","\n","^Does anyone else feel the way you do? ",{"#":"speaker:The Sheriff"},{"#":"portrait:sheriff"},{"#":"layout:left"},{"#":"audio:animal_crossing_mid"},"\n","^Anyone who didn't like or get along with the Sheriff?","\n","^Not really. Well, except the Deputy ",{"#":"speaker: Ms Virgina"},{"#":"portrait: virgina"},{"#":"layout: right"},{"#":"audio:animal_crossing_high"},"\n","^The Deputy? But he spoke so highly of Jimenez. said he was like a second father ",{"#":"speaker:The Sheriff"},{"#":"portrait:sheriff"},{"#":"layout:left"},{"#":"audio:animal_crossing_mid"},"\n","^Yeah they were close, but they argued a lot ",{"#":"speaker: Ms Virgina"},{"#":"portrait: virgina"},{"#":"layout: right"},{"#":"audio:animal_crossing_high"},"\n","^That's fairly common for two people who are close. ",{"#":"speaker:The Sheriff"},{"#":"portrait:sheriff"},{"#":"layout:left"},{"#":"audio:animal_crossing_mid"},"\n","^Especially if they work together for long hours in close proximity.","\n","^Not like this. ",{"#":"speaker: Ms Virgina"},{"#":"portrait: virgina"},{"#":"layout: right"},{"#":"audio:animal_crossing_high"},"\n","^Their fights would get brutal. They could be heard across town.","\n","^The noise would often disturb Gerald's cattle.","\n",{"->":"branch"},{"#f":5}]}],{"#f":1}],"branch":[["ev","str","^Brutal?","/str","/ev",{"*":".^.c-0","flg":20},"ev","str","^About?","/str","/ev",{"*":".^.c-1","flg":20},{"c-0":["^ ","\n","^How brutal were they? ",{"#":"speaker:The Sheriff"},{"#":"portrait:sheriff"},{"#":"layout:left"},{"#":"audio:animal_crossing_mid"},"\n","^They were like bloodbaths. ",{"#":"speaker: Ms Virgina"},{"#":"portrait: virgina"},{"#":"layout: right"},{"#":"audio:animal_crossing_high"},"\n","^Be glad you don't have to witness any of those","\n","^If one if these fights had gotten out of hand  ",{"#":"speaker:The Sheriff"},{"#":"portrait:sheriff"},{"#":"layout:left"},{"#":"audio:animal_crossing_mid"},"\n","^You think it could've escalated physically?","\n","^Hard to say. ",{"#":"speaker: Ms Virgina"},{"#":"portrait: virgina"},{"#":"layout: right"},{"#":"audio:animal_crossing_high"},"\n","^I can't imagine Dan doing anything violent like that","\n","^But I've never seen him get so angry either.","\n","^All I can say is. Be careful. Watch your back","\n","done",{"#f":5}],"c-1":["^ ","\n","^What did they fight about? ",{"#":"speaker:The Sheriff"},{"#":"portrait:sheriff"},{"#":"layout:left"},{"#":"audio:animal_crossing_mid"},"\n","^Deputy Dan wanted Jimenez job ",{"#":"speaker: Ms Virgina"},{"#":"portrait: virgina"},{"#":"layout: right"},{"#":"audio:animal_crossing_high"},"\n","^Really? ",{"#":"speaker:The Sheriff"},{"#":"portrait:sheriff"},{"#":"layout:left"},{"#":"audio:animal_crossing_mid"},"\n","^Oh yeah. Jimenez was heading near retirement age. ",{"#":"speaker: Ms Virgina"},{"#":"portrait: virgina"},{"#":"layout: right"},{"#":"audio:animal_crossing_high"},"\n","^He insisted on remaining as the Sheriff, but Dan was pushing for him to retire","\n","^He was pushing really hard.","\n","^So why didn't he get the job after Jimenez disappeared? ",{"#":"speaker:The Sheriff"},{"#":"portrait:sheriff"},{"#":"layout:left"},{"#":"audio:animal_crossing_mid"},"\n","^Do people suspect he did something?","\n","^That thought definetly has occured for many of us ",{"#":"speaker: Ms Virgina"},{"#":"portrait: virgina"},{"#":"layout: right"},{"#":"audio:animal_crossing_high"},"\n","^Dan might be a bit aggressive, but nobody thinks he is a killer","\n","^Then why didn't he get the job? ",{"#":"speaker:The Sheriff"},{"#":"portrait:sheriff"},{"#":"layout:left"},{"#":"audio:animal_crossing_mid"},"\n","^Because he wasn't good enough. Everyone knew he'd never be as good as Jimenez. ",{"#":"speaker: Ms Virgina"},{"#":"portrait: virgina"},{"#":"layout: right"},{"#":"audio:animal_crossing_high"},"\n","^People felt he was still too young. Naive.","\n","^Still has a lot of growing up to do.","\n","^So you think he's angry that I'm here? ",{"#":"speaker:The Sheriff"},{"#":"portrait:sheriff"},{"#":"layout:left"},{"#":"audio:animal_crossing_mid"},"\n","^I'm sure it's nothing you can't handle, Sheriff. ",{"#":"speaker: Ms Virgina"},{"#":"portrait: virgina"},{"#":"layout: right"},{"#":"audio:animal_crossing_high"},"\n","^I gotta get moving. Shift starts soon.","\n","^Lots of clients to attend to. I hope you become one of them","\n","^See ya around, Miss. ",{"#":"speaker:The Sheriff"},{"#":"portrait:sheriff"},{"#":"layout:left"},{"#":"audio:animal_crossing_mid"},"\n","^I'm just a couple of blocks away ",{"#":"speaker: Ms Virgina"},{"#":"portrait: virgina"},{"#":"layout: right"},{"#":"audio:animal_crossing_high"},"\n","end","end",{"#f":5}]}],{"#f":1}],"about":[["^Tell me a little bit about yourself ma'am. ",{"#":"speaker:The Sheriff"},{"#":"portrait:sheriff"},{"#":"layout:left"},{"#":"audio:animal_crossing_mid"},"\n","^My name is Virgina Cotton.  ",{"#":"speaker: Ms Virgina"},{"#":"portrait: virgina"},{"#":"layout: right"},{"#":"audio:animal_crossing_high"},"\n","^I work at the brothel.","\n","^You should come down sometime. A man like yourself would be given a DEEP discount","\n","ev","str","^Accept","/str","/ev",{"*":".^.c-0","flg":20},"ev","str","^Decline","/str","/ev",{"*":".^.c-1","flg":20},{"c-0":["^ ","\n","^How could I resist a deal like that? ",{"#":"speaker:The Sheriff"},{"#":"portrait:sheriff"},{"#":"layout:left"},{"#":"audio:animal_crossing_mid"},"\n","^That sounds great, Come by later tonight and I'll escort you persoanlly ",{"#":"speaker: Ms Virgina"},{"#":"portrait: virgina"},{"#":"layout: right"},{"#":"audio:animal_crossing_high"},"\n","end",{"#f":5}],"c-1":["^ ","\n","^That's a mighty tempting offer ma'am, but I must decline ",{"#":"speaker:The Sheriff"},{"#":"portrait:sheriff"},{"#":"layout:left"},{"#":"audio:animal_crossing_mid"},"\n","^That's a shame. Been far too long since I've found pleasure in my work ",{"#":"speaker: Ms Virgina"},{"#":"portrait: virgina"},{"#":"layout: right"},{"#":"audio:animal_crossing_high"},"\n","^You looked like the man who could change that.","\n","^Miss Virgina, It's best not to get involved with local folks ",{"#":"speaker:The Sheriff"},{"#":"portrait:sheriff"},{"#":"layout:left"},{"#":"audio:animal_crossing_mid"},"\n","^My duties require me to remain impartial","\n","^You don't have to worry about little ole me, Sheriff ",{"#":"speaker: Ms Virgina"},{"#":"portrait: virgina"},{"#":"layout: right"},{"#":"audio:animal_crossing_high"},"\n","^I won't be getting into any trouble","\n",{"->":"root"},{"#f":5}]}],{"#f":1}],"root":[["ev","str","^Reaffirm","/str","/ev",{"*":".^.c-0","flg":20},"ev","str","^Change Mind","/str","/ev",{"*":".^.c-1","flg":20},{"c-0":["\n","^Ma'am, please. I cannot! ",{"#":"speaker:The Sheriff"},{"#":"portrait:sheriff"},{"#":"layout:left"},{"#":"audio:animal_crossing_mid"},"\n","^Why not? You don't find me pretty? ",{"#":"speaker: Ms Virgina"},{"#":"portrait: virgina"},{"#":"layout: right"},{"#":"audio:animal_crossing_high"},"\n","^I can't comment on that, ma'am. ",{"#":"speaker:The Sheriff"},{"#":"portrait:sheriff"},{"#":"layout:left"},{"#":"audio:animal_crossing_mid"},"\n","^What do I have to do to change your mind? ",{"#":"speaker: Ms Virgina"},{"#":"portrait: virgina"},{"#":"layout: right"},{"#":"audio:animal_crossing_high"},"\n","^You seem mighty eager to seduce me ",{"#":"speaker:The Sheriff"},{"#":"portrait:sheriff"},{"#":"layout:left"},{"#":"audio:animal_crossing_mid"},"\n","^Are you always this forward with new people?","\n","^When they look as good as you. ",{"#":"speaker: Ms Virgina"},{"#":"portrait: virgina"},{"#":"layout: right"},{"#":"audio:animal_crossing_high"},"\n","^Why?","\n","^What do you find so appealing about me? ",{"#":"speaker:The Sheriff"},{"#":"portrait:sheriff"},{"#":"layout:left"},{"#":"audio:animal_crossing_mid"},"\n","^Lots of things ",{"#":"speaker: Ms Virgina"},{"#":"portrait: virgina"},{"#":"layout: right"},{"#":"audio:animal_crossing_high"},"\n","^Like? ",{"#":"speaker:The Sheriff"},{"#":"portrait:sheriff"},{"#":"layout:left"},{"#":"audio:animal_crossing_mid"},"\n","^Like lots of things","\n","end",{"#f":5}],"c-1":["^ ","\n","^I can't say no to a pretty young thang like yourself ",{"#":"speaker:The Sheriff"},{"#":"portrait:sheriff"},{"#":"layout:left"},{"#":"audio:animal_crossing_mid"},"\n","^That's more like it there, tiger ",{"#":"speaker: Ms Virgina"},{"#":"portrait: virgina"},{"#":"layout: right"},{"#":"audio:animal_crossing_high"},"\n","^I'll meet you over there. ",{"#":"speaker:The Sheriff"},{"#":"portrait:sheriff"},{"#":"layout:left"},{"#":"audio:animal_crossing_mid"},"\n","end",{"#f":5}]}],{"#f":1}],"#f":1}],"listDefs":{}}