﻿{"inkVersion":20,"root":[["^Arthur, you promised me that you would cut back on your drinking ",{"#":"speaker:Marlene"},{"#":"portrait:marlene"},{"#":"layout:left"},{"#":"audio:animal_crossing_high"},"\n","^At least let me get some tobacco ",{"#":"speaker:Arthur"},{"#":"portrait:arthur"},{"#":"layout:left"},{"#":"audio:animal_crossing_low"},"\n","^Excuse me y'all. I don't mean to interupt, but... ",{"#":"speaker:The Sheriff"},{"#":"portrait:sheriff"},{"#":"layout:right"},{"#":"audio:animal_crossing_mid"},"\n","^You're a new face. We don't get new faces around here. Are you lost, mister? ",{"#":"speaker:Marlene"},{"#":"portrait:marlene"},{"#":"layout:left"},{"#":"audio:animal_crossing_high"},"\n","^No ma'am. You're actually standing in my jurisdiction ",{"#":"speaker:The Sheriff"},{"#":"portrait:sheriff"},{"#":"layout:right"},{"#":"audio:animal_crossing_mid"},"\n","^Oh my god! You're our new Sheriff. We didn't realize you'd be coming so soon. ",{"#":"speaker:Marlene"},{"#":"portrait:marlene"},{"#":"layout:left"},{"#":"audio:animal_crossing_high"},"\n","^Where'd you come in from? ",{"#":"speaker:Arthur"},{"#":"portrait:arthur"},{"#":"layout:left"},{"#":"audio:animal_crossing_low"},"\n","^Transferred over from New Cactusberg. ",{"#":"speaker:The Sheriff"},{"#":"portrait:sheriff"},{"#":"layout:right"},{"#":"audio:animal_crossing_mid"},"\n","^Ooohh, you're a big city boy! ",{"#":"speaker:Arthur"},{"#":"portrait:arthur"},{"#":"layout:left"},{"#":"audio:animal_crossing_low"},"\n","^Arthur, be nice! ",{"#":"speaker:Marlene"},{"#":"portrait:marlene"},{"#":"layout:left"},{"#":"audio:animal_crossing_high"},"\n","^What, I'm just teasin' em. I think it's cool actually. Never met anyone whose been anywhere outside of here. ",{"#":"speaker:Arthur"},{"#":"portrait:arthur"},{"#":"layout:left"},{"#":"audio:animal_crossing_low"},"\n","^It's really not all it's cracked up to be ",{"#":"speaker:The Sheriff"},{"#":"portrait:sheriff"},{"#":"layout:right"},{"#":"audio:animal_crossing_mid"},"\n","^It's nice to meet you mister. My name's Marlene. Marlene Tumblefield. ",{"#":"speaker:Marlene"},{"#":"portrait:marlene"},{"#":"layout:left"},{"#":"audio:animal_crossing_high"},"\n","^This here is my husband, Arthur Tumblefield.","\n","^Nice to meet you ",{"#":"speaker:Arthur"},{"#":"portrait:arthur"},{"#":"layout:left"},{"#":"audio:animal_crossing_low"},"\n","^What do you think so far of our little ole town? ",{"#":"speaker:Marlene"},{"#":"portrait:marlene"},{"#":"layout:left"},{"#":"audio:animal_crossing_high"},"\n","ev","str","^It's nice","/str","/ev",{"*":"0.c-0","flg":20},"ev","str","^What To know","/str","/ev",{"*":"0.c-1","flg":20},"ev","str","^Something's Funky","/str","/ev",{"*":"0.c-2","flg":20},{"c-0":["\n",{"->":"nice"},{"->":"0.g-0"},{"#f":5}],"c-1":["^ ","\n",{"->":"know"},{"->":"0.g-0"},{"#f":5}],"c-2":["\n",{"->":"funky"},{"->":"0.g-0"},{"#f":5}],"g-0":["done",{"#f":5}]}],"done",{"nice":[["^It's very nice here. Folks are awful kindly. ",{"#":"speaker:The Sheriff"},{"#":"portrait:sheriff"},{"#":"layout:right"},{"#":"audio:animal_crossing_mid"},"\n","^Oh yeah. You won't find better people than the ones around here. ",{"#":"speaker:Marlene"},{"#":"portrait:marlene"},{"#":"layout:left"},{"#":"audio:animal_crossing_high"},"\n","^Tell me about... ",{"#":"speaker:The Sheriff"},{"#":"portrait:sheriff"},{"#":"layout:right"},{"#":"audio:animal_crossing_mid"},"\n","ev","str","^Other Folks","/str","/ev",{"*":".^.c-0","flg":20},"ev","str","^You Folks","/str","/ev",{"*":".^.c-1","flg":20},{"c-0":["\n","^Tell me about some of the folks around here? ",{"#":"speaker:The Sheriff"},{"#":"portrait:sheriff"},{"#":"layout:right"},{"#":"audio:animal_crossing_mid"},"\n","^Oh, you'll love em all. ",{"#":"speaker:Marlene"},{"#":"portrait:marlene"},{"#":"layout:left"},{"#":"audio:animal_crossing_high"},"\n","^There's Gerald,","\n","done",{"#f":5}],"c-1":["^ ","\n","^How long you folks lived here? ",{"#":"speaker:The Sheriff"},{"#":"portrait:sheriff"},{"#":"layout:right"},{"#":"audio:animal_crossing_mid"},"\n","^We done been here our whole lives. ",{"#":"speaker:Arthur"},{"#":"portrait:arthur"},{"#":"layout:left"},{"#":"audio:animal_crossing_low"},"\n","^Not exactly. We moved here together 25 years ago. ",{"#":"speaker:Marlene"},{"#":"portrait:marlene"},{"#":"layout:left"},{"#":"audio:animal_crossing_high"},"\n","^We were very very young. We needed to get away.","\n",{"->":"pick"},{"#f":5}]}],{"#f":1}],"pick":[["ev","str","^Get Away?","/str","/ev",{"*":".^.c-0","flg":20},"ev","str","^Moved From?","/str","/ev",{"*":".^.c-1","flg":20},{"c-0":["^ ","\n","^Get away from what? ",{"#":"speaker:The Sheriff"},{"#":"portrait:sheriff"},{"#":"layout:right"},{"#":"audio:animal_crossing_mid"},"\n",{"->":"away"},{"#f":5}],"c-1":["^ ","\n","^Where'd you move from? ",{"#":"speaker:The Sheriff"},{"#":"portrait:sheriff"},{"#":"layout:right"},{"#":"audio:animal_crossing_mid"},"\n",{"->":"moved"},"end",{"#f":5}]}],{"#f":1}],"away":[["^We had some... complications in our past life. ",{"#":"speaker:Marlene"},{"#":"portrait:marlene"},{"#":"layout:left"},{"#":"audio:animal_crossing_high"},"\n","ev","str","^Complications?","/str","/ev",{"*":".^.c-0","flg":20},{"c-0":["\n","^What kinda complications? ",{"#":"speaker:The Sheriff"},{"#":"portrait:sheriff"},{"#":"layout:right"},{"#":"audio:animal_crossing_mid"},"\n","^Our families didn't approve of us being together. ",{"#":"speaker:Marlene"},{"#":"portrait:marlene"},{"#":"layout:left"},{"#":"audio:animal_crossing_high"},"\n","^My father was in cahoots with John Chesterstein","\n","^Chesterstein? As in Chesterstein Oil Company? ",{"#":"speaker:The Sheriff"},{"#":"portrait:sheriff"},{"#":"layout:right"},{"#":"audio:animal_crossing_mid"},"\n","^That's the one. ",{"#":"speaker:Marlene"},{"#":"portrait:marlene"},{"#":"layout:left"},{"#":"audio:animal_crossing_high"},"\n","^They wanted me to marry thier son, Morgan Chesterstein.","\n","^It was some politcial and monetary gambit","\n","^I went along, but only in public.","\n","^I met Arthur and the two of us started seeing each other on the side.","\n","^Morgan and I had a very public wedding. Everyone in town attended","\n","^But I got pregnant with Arthur's baby","\n","^When my dad found out he was furious","\n","^He wanted me to get rid of it, but I refused.","\n","^Arthur and I raised the baby in secret while Morgan and I made public appearances as a couple","\n","^It was a girl. Her name was Daisy","\n","^We lost her after 17 months. It was a tragic illness","\n","^Arthur and I were in unimaginable pain and sorrow","\n","^My father. It was a weight off his shoulders","\n","^Something he didn't have to hide anymore","\n","^He told me it was my chance to make another one. A \"real\" baby.","\n","^One with my \"real\" husband","\n","^We couldn't take it anymore. We ran away.","\n","^That's why we came here.","\n","^Somewhere far and off the map where they couldn't find us","\n","^I'm so sorry. That's horrible. You too have been through so much. ",{"#":"speaker:The Sheriff"},{"#":"portrait:sheriff"},{"#":"layout:right"},{"#":"audio:animal_crossing_mid"},"\n","^If there is ever anything I can do for you folks just give me a hollar","\n","^Will do, Sheriff ",{"#":"speaker:Arthur"},{"#":"portrait:arthur"},{"#":"layout:left"},{"#":"audio:animal_crossing_low"},"\n",{"->":"drop"},{"#f":5}]}],{"#f":1}],"drop":[["ev","str","^Drop it","/str","/ev",{"*":".^.c-0","flg":20},{"c-0":["^ ","\n","^It became too much to bear ",{"#":"speaker:Marlene"},{"#":"portrait:marlene"},{"#":"layout:left"},{"#":"audio:animal_crossing_high"},"\n","^Everything around us became a painful reminder of who we lost","\n",{"->":"lostwho"},{"#f":5}]}],{"#f":1}],"lostwho":[["ev","str","^Lost who?","/str","/ev",{"*":".^.c-0","flg":20},"ev","str","^Why not?","/str","/ev",{"*":".^.c-1","flg":20},"ev","str","^Drop it","/str","/ev",{"*":".^.c-2","flg":20},"ev","str","^Drop it","/str","/ev",{"*":".^.c-3","flg":20},{"c-0":["^ ","\n","^You lost someone? ",{"#":"speaker:The Sheriff"},{"#":"portrait:sheriff"},{"#":"layout:right"},{"#":"audio:animal_crossing_mid"},"\n","^It was our daughter ",{"#":"speaker:Marlene"},{"#":"portrait:marlene"},{"#":"layout:left"},{"#":"audio:animal_crossing_high"},"\n","^Y'all have a daughter? ",{"#":"speaker:The Sheriff"},{"#":"portrait:sheriff"},{"#":"layout:right"},{"#":"audio:animal_crossing_mid"},"\n","^We don't talk to her much anymore ",{"#":"speaker:Arthur"},{"#":"portrait:arthur"},{"#":"layout:left"},{"#":"audio:animal_crossing_low"},"\n","end",{"#f":5}],"c-1":["^ ","\n","^Because she's dead! ",{"#":"speaker:Marlene"},{"#":"portrait:marlene"},{"#":"layout:left"},{"#":"audio:animal_crossing_high"},"\n","^Oh... I..? ",{"#":"speaker:The Sheriff"},{"#":"portrait:sheriff"},{"#":"layout:right"},{"#":"audio:animal_crossing_mid"},"\n","^It's not you, Sheriff! ",{"#":"speaker:Marlene"},{"#":"portrait:marlene"},{"#":"layout:left"},{"#":"audio:animal_crossing_high"},"\n","^What is the matter with you, Arthur?","\n","^If she's dead then that would still mean we don't talk to her, right? ",{"#":"speaker:Arthur"},{"#":"portrait:arthur"},{"#":"layout:left"},{"#":"audio:animal_crossing_low"},"\n","^That mean you stop saying yer prayers?? ",{"#":"speaker:Marlene"},{"#":"portrait:marlene"},{"#":"layout:left"},{"#":"audio:animal_crossing_high"},"\n","^Who are you?","\n","^I don't think that's your husband! ",{"#":"speaker:The Sheriff"},{"#":"portrait:sheriff"},{"#":"layout:right"},{"#":"audio:animal_crossing_mid"},"\n","^Sheriff, I know I'm being dramatic, but... ",{"#":"speaker:Marlene"},{"#":"portrait:marlene"},{"#":"layout:left"},{"#":"audio:animal_crossing_high"},"\n","^No, Marlene. I'm serious!!! ",{"#":"speaker:The Sheriff"},{"#":"portrait:sheriff"},{"#":"layout:right"},{"#":"audio:animal_crossing_mid"},"\n","^It's hard to explain, but you need to trust me.","\n","^Sheriff, this is crazy!",{"#":"speaker:Arthur"},{"#":"portrait:arthur"},{"#":"layout:left"},{"#":"audio:animal_crossing_low"},"\n","^Stop right there! ",{"#":"speaker:The Sheriff"},{"#":"portrait:sheriff"},{"#":"layout:right"},{"#":"audio:animal_crossing_mid"},"\n","^I'm putting you under arrest until I can perform further inspections","\n","^You're an imposter!","\n","^Damnit Sheriff! You had to ruin everything didn't you? ",{"#":"speaker:Arthur"},{"#":"portrait:arthur"},{"#":"layout:left"},{"#":"audio:animal_crossing_low"},"\n","end",{"#f":5}],"c-2":["^ ","\n","^I'm sorry to hear that? ",{"#":"speaker:The Sheriff"},{"#":"portrait:sheriff"},{"#":"layout:right"},{"#":"audio:animal_crossing_mid"},"\n","^You got any family, Sheriff? ",{"#":"speaker:Arthur"},{"#":"portrait:arthur"},{"#":"layout:left"},{"#":"audio:animal_crossing_low"},"\n","^Work has been my famiily. ",{"#":"speaker:The Sheriff"},{"#":"portrait:sheriff"},{"#":"layout:right"},{"#":"audio:animal_crossing_mid"},"\n","^Really? No Wife? No Kids? Nothing? ",{"#":"speaker:Marlene"},{"#":"portrait:marlene"},{"#":"layout:left"},{"#":"audio:animal_crossing_high"},"\n","^I've never met the right woman to hold me down ",{"#":"speaker:The Sheriff"},{"#":"portrait:sheriff"},{"#":"layout:right"},{"#":"audio:animal_crossing_mid"},"\n","^I'm sure you can find someone here, Sheriff. ",{"#":"speaker:Arthur"},{"#":"portrait:arthur"},{"#":"layout:left"},{"#":"audio:animal_crossing_low"},"\n","^You know who'd be great for him? ",{"#":"speaker:Marlene"},{"#":"portrait:marlene"},{"#":"layout:left"},{"#":"audio:animal_crossing_high"},"\n","^Who? ",{"#":"speaker:Arthur"},{"#":"portrait:arthur"},{"#":"layout:left"},{"#":"audio:animal_crossing_low"},"\n","^Miss Virgina! Wouldn't they be great! ",{"#":"speaker:Marlene"},{"#":"portrait:marlene"},{"#":"layout:left"},{"#":"audio:animal_crossing_high"},"\n","^Yeah I could see that ",{"#":"speaker:Arthur"},{"#":"portrait:arthur"},{"#":"layout:left"},{"#":"audio:animal_crossing_low"},"\n","^She is a bit younger than you. ",{"#":"speaker:Marlene"},{"#":"portrait:marlene"},{"#":"layout:left"},{"#":"audio:animal_crossing_high"},"\n","^That's not usually her thing.","\n","^But I'm sure she could make an exception for a handsome man like you.","\n","^Well that's very thoughtful of you two ",{"#":"speaker:The Sheriff"},{"#":"portrait:sheriff"},{"#":"layout:right"},{"#":"audio:animal_crossing_mid"},"\n","^I don't really see myself having the time to settle down","\n","^All you need is a half hour and a couple of dollars ",{"#":"speaker:Arthur"},{"#":"portrait:arthur"},{"#":"layout:left"},{"#":"audio:animal_crossing_low"},"\n","^Stop it! She's a very sweet girl ",{"#":"speaker:Marlene"},{"#":"portrait:marlene"},{"#":"layout:left"},{"#":"audio:animal_crossing_high"},"\n","^If you ever change your mind. She's always welcome for a friendly conversation at least.","\n","^Well thank you two. For everything. ",{"#":"speaker:The Sheriff"},{"#":"portrait:sheriff"},{"#":"layout:right"},{"#":"audio:animal_crossing_mid"},"\n","^I best get going. Bye now","\n","end",{"#f":5}],"c-3":["^ ","\n","^We uhhh... *sigh* ... we just couldn't be there anymore ",{"#":"speaker:Marlene"},{"#":"portrait:marlene"},{"#":"layout:left"},{"#":"audio:animal_crossing_high"},"\n","^There was too much weight on us","\n","^No room to breathe. No space to grieve.","\n","^We came here for a fresh start.","\n","^This does seem to be the place for that kind of thing ",{"#":"speaker:The Sheriff"},{"#":"portrait:sheriff"},{"#":"layout:right"},{"#":"audio:animal_crossing_mid"},"\n","^What do you mean? ",{"#":"speaker:Arthur"},{"#":"portrait:arthur"},{"#":"layout:left"},{"#":"audio:animal_crossing_low"},"\n","^Uh, nothing. It's getting late. I must be getting out of here. ",{"#":"speaker:The Sheriff"},{"#":"portrait:sheriff"},{"#":"layout:right"},{"#":"audio:animal_crossing_mid"},"\n","^Later folks!","\n","end","end",{"#f":5}]}],{"#f":1}],"moved":[["^My family owned a private ranch over near South Grass. ",{"#":"speaker:Marlene"},{"#":"portrait:marlene"},{"#":"layout:left"},{"#":"audio:animal_crossing_high"},"\n","^South Grass? That's mighty far from here. ",{"#":"speaker:The Sheriff"},{"#":"portrait:sheriff"},{"#":"layout:right"},{"#":"audio:animal_crossing_mid"},"\n","^My parents didn't approve of our circumstane. Said I had to make a choice. ",{"#":"speaker:Marlene"},{"#":"portrait:marlene"},{"#":"layout:left"},{"#":"audio:animal_crossing_high"},"\n","^I didn't make the one they hoped","\n","^Right. That's what I meant. Our lives didn't start til we got here. ",{"#":"speaker:Arthur"},{"#":"portrait:arthur"},{"#":"layout:left"},{"#":"audio:animal_crossing_low"},"\n","^Really, Arthur? ",{"#":"speaker:Marlene"},{"#":"portrait:marlene"},{"#":"layout:left"},{"#":"audio:animal_crossing_high"},"\n","^What? ",{"#":"speaker:Arthur"},{"#":"portrait:arthur"},{"#":"layout:left"},{"#":"audio:animal_crossing_low"},"\n","^I can't believe you would say something like that. ",{"#":"speaker:Marlene"},{"#":"portrait:marlene"},{"#":"layout:left"},{"#":"audio:animal_crossing_high"},"\n","^What's the matter? I'm just saying we got to start fresh. Just me and you. ",{"#":"speaker:Arthur"},{"#":"portrait:arthur"},{"#":"layout:left"},{"#":"audio:animal_crossing_low"},"\n","^Yeah, JUST me and you ",{"#":"speaker:Marlene"},{"#":"portrait:marlene"},{"#":"layout:left"},{"#":"audio:animal_crossing_high"},"\n","ev","str","^I'm Sorry","/str","/ev",{"*":".^.c-0","flg":20},{"c-0":["\n","^I'm sorry. I didn't mean to upset you.  ",{"#":"speaker:The Sheriff"},{"#":"portrait:sheriff"},{"#":"layout:right"},{"#":"audio:animal_crossing_mid"},"\n","^It's not you, Sheriff. My husband is being an insensitive jerk. ",{"#":"speaker:Marlene"},{"#":"portrait:marlene"},{"#":"layout:left"},{"#":"audio:animal_crossing_high"},"\n","^What did I do!? ",{"#":"speaker:Arthur"},{"#":"portrait:arthur"},{"#":"layout:left"},{"#":"audio:animal_crossing_low"},"\n",{"->":"plus"},{"#f":5}]}],{"#f":1}],"plus":[["ev","str","^You should know","/str","/ev",{"*":".^.c-0","flg":20},"ev","str","^Apologize","/str","/ev",{"*":".^.c-1","flg":20},"ev","str","^What's Wrong","/str","/ev",{"*":".^.c-2","flg":20},{"c-0":["^ ","\n","^It seems like you should know, fella. ",{"#":"speaker:The Sheriff"},{"#":"portrait:sheriff"},{"#":"layout:right"},{"#":"audio:animal_crossing_mid"},"\n","^You really haven't been yourself lately, Arthur. ",{"#":"speaker:Marlene"},{"#":"portrait:marlene"},{"#":"layout:left"},{"#":"audio:animal_crossing_high"},"\n","^Am I missing something here Sheriff? ",{"#":"speaker:Arthur"},{"#":"portrait:arthur"},{"#":"layout:left"},{"#":"audio:animal_crossing_low"},"\n","^I think it's... ",{"#":"speaker:The Sheriff"},{"#":"portrait:sheriff"},{"#":"layout:right"},{"#":"audio:animal_crossing_mid"},"\n",{"->":"choose"},{"#f":5}],"c-1":["^ ","\n","^It doesn't matter. you best apologize to her ",{"#":"speaker:The Sheriff"},{"#":"portrait:sheriff"},{"#":"layout:right"},{"#":"audio:animal_crossing_mid"},"\n","^You're right, Sheriff. I'm sorry Marlene. ",{"#":"speaker:Arthur"},{"#":"portrait:arthur"},{"#":"layout:left"},{"#":"audio:animal_crossing_low"},"\n","^I know I was just being inconsiderate of your feelings.","\n","^Can you forgive me?","\n","^It's ok. I know you miss her too. ",{"#":"speaker:Marlene"},{"#":"portrait:marlene"},{"#":"layout:left"},{"#":"audio:animal_crossing_high"},"\n","^I'm just being emotional","\n","^I love you.","\n","^I love you too. ",{"#":"speaker:Arthur"},{"#":"portrait:arthur"},{"#":"layout:left"},{"#":"audio:animal_crossing_low"},"\n","end",{"#f":5}],"c-2":["^ ","\n","^What's the matter? ",{"#":"speaker:The Sheriff"},{"#":"portrait:sheriff"},{"#":"layout:right"},{"#":"audio:animal_crossing_mid"},"\n","^Nothing Sheriff. ",{"#":"speaker:Arthur"},{"#":"portrait:arthur"},{"#":"layout:left"},{"#":"audio:animal_crossing_low"},"\n","^I think me and my wife need some space to work this out alone","\n","^Right, right. of course ",{"#":"speaker:The Sheriff"},{"#":"portrait:sheriff"},{"#":"layout:right"},{"#":"audio:animal_crossing_mid"},"\n","^Arthur, It's fine. You don't have to send the man away ",{"#":"speaker:Marlene"},{"#":"portrait:marlene"},{"#":"layout:left"},{"#":"audio:animal_crossing_high"},"\n","^He's right ma'am. I should get out of y'alls hair ",{"#":"speaker:The Sheriff"},{"#":"portrait:sheriff"},{"#":"layout:right"},{"#":"audio:animal_crossing_mid"},"\n","^Please. I insist. Please stay ",{"#":"speaker:Marlene"},{"#":"portrait:marlene"},{"#":"layout:left"},{"#":"audio:animal_crossing_high"},"\n","^Marlene. It's ok. Let the man go ",{"#":"speaker:Arthur"},{"#":"portrait:arthur"},{"#":"layout:left"},{"#":"audio:animal_crossing_low"},"\n","^You will have plenty of other oppurtunities to speak with him in the future.","\n","^See you around Sheriff.","\n","^Yeah, goodbye. It was a pleasure to meet you both ",{"#":"speaker:The Sheriff"},{"#":"portrait:sheriff"},{"#":"layout:right"},{"#":"audio:animal_crossing_mid"},"\n","end",{"#f":5}]}],{"#f":1}],"choose":[["ev","str","^She's unhappy","/str","/ev",{"*":".^.c-0","flg":20},"ev","str","^She aint Marlene","/str","/ev",{"*":".^.c-1","flg":20},"ev","str","^She's fine","/str","/ev",{"*":".^.c-2","flg":20},{"c-0":["\n","^She's not happy here. She wants to move somewhere else. ",{"#":"speaker:The Sheriff"},{"#":"portrait:sheriff"},{"#":"layout:right"},{"#":"audio:animal_crossing_mid"},"\n","^Is that true, Marlene? Do you want to go somewhere else? ",{"#":"speaker:Arthur"},{"#":"portrait:arthur"},{"#":"layout:left"},{"#":"audio:animal_crossing_low"},"\n","^No! It's fine. Just forget it. ",{"#":"speaker:Marlene"},{"#":"portrait:marlene"},{"#":"layout:left"},{"#":"audio:animal_crossing_high"},"\n","^Or maybe she misses her family? ",{"#":"speaker:The Sheriff"},{"#":"portrait:sheriff"},{"#":"layout:right"},{"#":"audio:animal_crossing_mid"},"\n","^She hates her family, Sheriff. ",{"#":"speaker:Arthur"},{"#":"portrait:arthur"},{"#":"layout:left"},{"#":"audio:animal_crossing_low"},"\n","^You know what? I don't appreciate you prying in on our business. ",{"#":"speaker:Marlene"},{"#":"portrait:marlene"},{"#":"layout:left"},{"#":"audio:animal_crossing_high"},"\n","^You need to leave.","\n","^Ok. You're right. I'm sorry. ",{"#":"speaker:The Sheriff"},{"#":"portrait:sheriff"},{"#":"layout:right"},{"#":"audio:animal_crossing_mid"},"\n","^Bye folks.","\n","end",{"#f":5}],"c-1":["\n","^I think she aint herself ",{"#":"speaker:The Sheriff"},{"#":"portrait:sheriff"},{"#":"layout:right"},{"#":"audio:animal_crossing_mid"},"\n","^What!? ",{"#":"speaker:Arthur"},{"#":"portrait:arthur"},{"#":"layout:left"},{"#":"audio:animal_crossing_low"},"\n","^I  know this is gonna sound crazy, but this is not your wife ",{"#":"speaker:The Sheriff"},{"#":"portrait:sheriff"},{"#":"layout:right"},{"#":"audio:animal_crossing_mid"},"\n","^Excuse me? ",{"#":"speaker:Marlene"},{"#":"portrait:marlene"},{"#":"layout:left"},{"#":"audio:animal_crossing_high"},"\n","^You best watch what yer saying, fella. ",{"#":"speaker:Arthur"},{"#":"portrait:arthur"},{"#":"layout:left"},{"#":"audio:animal_crossing_low"},"\n","^I've witnessed some bizarre happenings ever since I got here. ",{"#":"speaker:The Sheriff"},{"#":"portrait:sheriff"},{"#":"layout:right"},{"#":"audio:animal_crossing_mid"},"\n","^Some straight up supernatural stuff","\n","^I''m telling you Arthur. She's an imposter from another world","\n","^She may look like your wife. Sound like her. Even act a bit like her.","\n","^But it's not her","\n","^Sheriff, I-i dont even know what to say ",{"#":"speaker:Marlene"},{"#":"portrait:marlene"},{"#":"layout:left"},{"#":"audio:animal_crossing_high"},"\n","^Is that because english isn't your natural language?","\n","^You got caught and you do not how to react ",{"#":"speaker:The Sheriff"},{"#":"portrait:sheriff"},{"#":"layout:right"},{"#":"audio:animal_crossing_mid"},"\n","^No! Because what you're saying is crazy! ",{"#":"speaker:Marlene"},{"#":"portrait:marlene"},{"#":"layout:left"},{"#":"audio:animal_crossing_high"},"\n","^You don't even have proof.","\n","end",{"#f":5}],"c-2":["^ ","\n","^I reckon she's just being overly dramatic ",{"#":"speaker:The Sheriff"},{"#":"portrait:sheriff"},{"#":"layout:right"},{"#":"audio:animal_crossing_mid"},"\n","^Dramatic? You don't know anything about us or our lives ",{"#":"speaker:Marlene"},{"#":"portrait:marlene"},{"#":"layout:left"},{"#":"audio:animal_crossing_high"},"\n","^Sorry m","\n","end",{"#f":5}]}],{"#f":1}],"know":[["^Is there anything I should know about it? ",{"#":"speaker:The Sheriff"},{"#":"portrait:sheriff"},{"#":"layout:right"},{"#":"audio:animal_crossing_mid"},"\n","^What would you like to know, Sheriff? ",{"#":"speaker:Marlene"},{"#":"portrait:marlene"},{"#":"layout:left"},{"#":"audio:animal_crossing_high"},"\n","ev","str","^Everything","/str","/ev",{"*":".^.c-0","flg":20},"ev","str","^Nothing","/str","/ev",{"*":".^.c-1","flg":20},{"c-0":["^ ","\n","^Tell me everything you can. ",{"#":"speaker:The Sheriff"},{"#":"portrait:sheriff"},{"#":"layout:right"},{"#":"audio:animal_crossing_mid"},"\n","^It's my job to know the workings of this town, right?","\n","^Well you gotta check out the butcher shop. ",{"#":"speaker:Marlene"},{"#":"portrait:marlene"},{"#":"layout:left"},{"#":"audio:animal_crossing_high"},"\n","^Billy cuts and tenderizes the meat to perfection.","\n","^Sounds delicious. ",{"#":"speaker:The Sheriff"},{"#":"portrait:sheriff"},{"#":"layout:right"},{"#":"audio:animal_crossing_mid"},"\n","^But nothing compares to the fine specimen in this town ",{"#":"speaker:Arthur"},{"#":"portrait:arthur"},{"#":"layout:left"},{"#":"audio:animal_crossing_low"},"\n","^Uhh...what? ",{"#":"speaker:The Sheriff"},{"#":"portrait:sheriff"},{"#":"layout:right"},{"#":"audio:animal_crossing_mid"},"\n","^Down at the brothel I mean ",{"#":"speaker:Arthur"},{"#":"portrait:arthur"},{"#":"layout:left"},{"#":"audio:animal_crossing_low"},"\n","^Oh yeah? Tell me about that, Arthur. ",{"#":"speaker:Marlene"},{"#":"portrait:marlene"},{"#":"layout:left"},{"#":"audio:animal_crossing_high"},"\n","^I uh mean that is what I've heard. Hehe. I wouldn't know nothing about it personally ",{"#":"speaker:Arthur"},{"#":"portrait:arthur"},{"#":"layout:left"},{"#":"audio:animal_crossing_low"},"\n","^Uh huh ",{"#":"speaker:Marlene"},{"#":"portrait:marlene"},{"#":"layout:left"},{"#":"audio:animal_crossing_high"},"\n","^Woah there. Didn't intend to open up the dirty laundry. ",{"#":"speaker:The Sheriff"},{"#":"portrait:sheriff"},{"#":"layout:right"},{"#":"audio:animal_crossing_mid"},"\n","^I'll see you folks later. Howdy!","\n","end",{"#f":5}],"c-1":["^ ","\n","^There's nothing I need to know ",{"#":"speaker:The Sheriff"},{"#":"portrait:sheriff"},{"#":"layout:right"},{"#":"audio:animal_crossing_mid"},"\n","^Within a week I'll know about anything and everything that happens in this town.","\n","^You seem very confident in your abilities there, Sheriff. ",{"#":"speaker:Arthur"},{"#":"portrait:arthur"},{"#":"layout:left"},{"#":"audio:animal_crossing_low"},"\n","^Back in Cactusberg there wasn't as thing in the entire east side I didn't know about ",{"#":"speaker:The Sheriff"},{"#":"portrait:sheriff"},{"#":"layout:right"},{"#":"audio:animal_crossing_mid"},"\n","^Every schedule, every traveller, every meeting went through me.","\n","^That's how I made all of my arrests.","\n","^Noticing irregularities or disturbances in these patterns.","\n","^Sounds like we're very fortunate to have you around. ",{"#":"speaker:Marlene"},{"#":"portrait:marlene"},{"#":"layout:left"},{"#":"audio:animal_crossing_high"},"\n","^Would hate any poor soul trying anything nefarious with you around.","\n","^Yeah. They wouldn't want you around. ",{"#":"speaker:The Sheriff"},{"#":"portrait:sheriff"},{"#":"layout:right"},{"#":"audio:animal_crossing_mid"},"\n","^Well I best get moving. Plenty of other folks to meet. So long.","\n","end","end",{"#f":5}]}],{"#f":1}],"funky":[["^Soemthing don't seem right about it. ",{"#":"speaker:The Sheriff"},{"#":"portrait:sheriff"},{"#":"layout:right"},{"#":"audio:animal_crossing_mid"},"\n","^What do you mean? ",{"#":"speaker:Marlene"},{"#":"portrait:marlene"},{"#":"layout:left"},{"#":"audio:animal_crossing_high"},"\n","^You insultin' my town? ",{"#":"speaker:Arthur"},{"#":"portrait:arthur"},{"#":"layout:left"},{"#":"audio:animal_crossing_low"},"\n","^I'm here because your previous Sheriff disappeared mysteriously. ",{"#":"speaker:The Sheriff"},{"#":"portrait:sheriff"},{"#":"layout:right"},{"#":"audio:animal_crossing_mid"},"\n","ev","str","^Anything Strange?","/str","/ev",{"*":".^.c-0","flg":20},{"c-0":["\n","^Either of y'all seen anything strange? ",{"#":"speaker:The Sheriff"},{"#":"portrait:sheriff"},{"#":"layout:right"},{"#":"audio:animal_crossing_mid"},"\n","^No sir, what do you mean by strange? ",{"#":"speaker:Marlene"},{"#":"portrait:marlene"},{"#":"layout:left"},{"#":"audio:animal_crossing_high"},"\n","^Our town was in a great deal of mourning for many weeks after ",{"#":"speaker:Arthur"},{"#":"portrait:arthur"},{"#":"layout:left"},{"#":"audio:animal_crossing_low"},"\n","^We just finally started pulling ourselves up by our boot straps","\n","^I don't much appreciate you coming around and stirring emotions back up again.","\n","^I'm just doing my job sir ",{"#":"speaker:The Sheriff"},{"#":"portrait:sheriff"},{"#":"layout:right"},{"#":"audio:animal_crossing_mid"},"\n","^No, yer job is to take over where he left off ",{"#":"speaker:Arthur"},{"#":"portrait:arthur"},{"#":"layout:left"},{"#":"audio:animal_crossing_low"},"\n","^Anything that happened before you arrived shouldn't be none of yer concern","\n","^Arthur, the man is just trying to be helpful. ",{"#":"speaker:Marlene"},{"#":"portrait:marlene"},{"#":"layout:left"},{"#":"audio:animal_crossing_high"},"\n","^I thought you'd be grateful considering how close you two were.","\n",{"->":"another"},{"#f":5}]}],{"#f":1}],"another":[["ev","str","^Close?","/str","/ev",{"*":".^.c-0","flg":20},{"c-0":["^ ","\n","^You two were close? ",{"#":"speaker:The Sheriff"},{"#":"portrait:sheriff"},{"#":"layout:right"},{"#":"audio:animal_crossing_mid"},"\n","^Not really ",{"#":"speaker:Arthur"},{"#":"portrait:arthur"},{"#":"layout:left"},{"#":"audio:animal_crossing_low"},"\n","^Psssh. Oh please. Thick as thieves. ",{"#":"speaker:Marlene"},{"#":"portrait:marlene"},{"#":"layout:left"},{"#":"audio:animal_crossing_high"},"\n","^Twice a week these two got together for a poker group.","\n","^High bets. High stakes","\n","^Marlene! You don't need to be go telling the man my business ",{"#":"speaker:Arthur"},{"#":"portrait:arthur"},{"#":"layout:left"},{"#":"audio:animal_crossing_low"},"\n","^Why not? You got something to hide? ",{"#":"speaker:Marlene"},{"#":"portrait:marlene"},{"#":"layout:left"},{"#":"audio:animal_crossing_high"},"\n",{"->":"pokerhide"},{"#f":5}]}],{"#f":1}],"pokerhide":[["ev","str","^Poker?","/str","/ev",{"*":".^.c-0","flg":20},"ev","str","^Hide?","/str","/ev",{"*":".^.c-1","flg":20},"ev","str","^You're right","/str","/ev",{"*":".^.c-2","flg":20},"ev","str","^Thoughts?","/str","/ev",{"*":".^.c-3","flg":20},{"c-0":["^ ","\n",{"->":"poker"},{"#f":5}],"c-1":["^ ","\n",{"->":"hide"},{"#f":5}],"c-2":["^ ","\n","^You're right. I should just drop it. ",{"#":"speaker:The Sheriff"},{"#":"portrait:sheriff"},{"#":"layout:right"},{"#":"audio:animal_crossing_mid"},"\n","^I'll get out of y'alls hair","\n","^So long, folks.","\n","end",{"#f":5}],"c-3":["^ ","\n","^What are your thoughts on that matter? ",{"#":"speaker:The Sheriff"},{"#":"portrait:sheriff"},{"#":"layout:right"},{"#":"audio:animal_crossing_mid"},"\n","^It's sad. That's for sure. ",{"#":"speaker:Marlene"},{"#":"portrait:marlene"},{"#":"layout:left"},{"#":"audio:animal_crossing_high"},"\n","^We were close to him ",{"#":"speaker:Arthur"},{"#":"portrait:arthur"},{"#":"layout:left"},{"#":"audio:animal_crossing_low"},"\n","^There's been a dark cloud raining over this city ever since he left","\n","end",{"#f":5}]}],{"#f":1}],"poker":["^So you played poker with em? ",{"#":"speaker:The Sheriff"},{"#":"portrait:sheriff"},{"#":"layout:right"},{"#":"audio:animal_crossing_mid"},"\n","^A little bit ",{"#":"speaker:Arthur"},{"#":"portrait:arthur"},{"#":"layout:left"},{"#":"audio:animal_crossing_low"},"\n","^You any good? ",{"#":"speaker:The Sheriff"},{"#":"portrait:sheriff"},{"#":"layout:right"},{"#":"audio:animal_crossing_mid"},"\n","^I'm alright ",{"#":"speaker:Arthur"},{"#":"portrait:arthur"},{"#":"layout:left"},{"#":"audio:animal_crossing_low"},"\n","^He's being modest. He cleaned house. And he doesn't clean anything ",{"#":"speaker:Marlene"},{"#":"portrait:marlene"},{"#":"layout:left"},{"#":"audio:animal_crossing_high"},"\n","^I don't think we could afford our home if it wasn't for these poker games.","\n","^So you made a lot of money, there? ",{"#":"speaker:The Sheriff"},{"#":"portrait:sheriff"},{"#":"layout:right"},{"#":"audio:animal_crossing_mid"},"\n","^Did Jimenez owe you money?","\n","^What are you trying to get at here? ",{"#":"speaker:Arthur"},{"#":"portrait:arthur"},{"#":"layout:left"},{"#":"audio:animal_crossing_low"},"\n","^Why would I get rid of him if he owed me money?","\n","^Wouldn't that just gurantee I never get paid?","\n","^I never said anything about getting rid of anybody ",{"#":"speaker:The Sheriff"},{"#":"portrait:sheriff"},{"#":"layout:right"},{"#":"audio:animal_crossing_mid"},"\n","^Oh please. You take me as a fool? ",{"#":"speaker:Arthur"},{"#":"portrait:arthur"},{"#":"layout:left"},{"#":"audio:animal_crossing_low"},"\n","^You've been poking and proding around that subject since you got here","\n","^Just come out and say what you're thnking already","\n","^Why would I get rid of him?","\n","^Maybe it was about principal. ",{"#":"speaker:The Sheriff"},{"#":"portrait:sheriff"},{"#":"layout:right"},{"#":"audio:animal_crossing_mid"},"\n","^Everyone knew Jimenez owed you money and wasn't paying up","\n","^If he disappeared, then everyone in town would know not to mess around with you,","\n","^Of course everyone in this town is tight so they're not gonna rat on you.","\n","^Especially not to some brand new out of town Sheriff they never met before.","\n","^Sheriff, please! My husband. He aint perfcet, but he would never do these things ",{"#":"speaker:Marlene"},{"#":"portrait:marlene"},{"#":"layout:left"},{"#":"audio:animal_crossing_high"},"\n","^Maybe its not about money at all. ",{"#":"speaker:The Sheriff"},{"#":"portrait:sheriff"},{"#":"layout:right"},{"#":"audio:animal_crossing_mid"},"\n","^Maybe you don't care about money because you're not really Arthur","\n","^You're an imposter!","\n","^I gotta hand it to ya detective. You are good. ",{"#":"speaker:Arthur"},{"#":"portrait:arthur"},{"#":"layout:left"},{"#":"audio:animal_crossing_low"},"\n","end",{"#f":1}],"hide":["^Do you have something to hide? ",{"#":"speaker:The Sheriff"},{"#":"portrait:sheriff"},{"#":"layout:right"},{"#":"audio:animal_crossing_mid"},"\n","^Of course not ",{"#":"speaker:Arthur"},{"#":"portrait:arthur"},{"#":"layout:left"},{"#":"audio:animal_crossing_low"},"\n","^Then you wouldn't mind coming down to the station later and answering a few questions ",{"#":"speaker:The Sheriff"},{"#":"portrait:sheriff"},{"#":"layout:right"},{"#":"audio:animal_crossing_mid"},"\n","^No, not at all. ",{"#":"speaker:Marlene"},{"#":"portrait:marlene"},{"#":"layout:left"},{"#":"audio:animal_crossing_high"},"\n","^Great. Just come on down to the station later this evening. Both of you. ",{"#":"speaker:The Sheriff"},{"#":"portrait:sheriff"},{"#":"layout:right"},{"#":"audio:animal_crossing_mid"},"\n","^I need to get official statements before I can begin my deputy","\n","^Anything we can do to help, Sheriff. ",{"#":"speaker:Marlene"},{"#":"portrait:marlene"},{"#":"layout:left"},{"#":"audio:animal_crossing_high"},"\n","^Of course, we'd be happy to help anyway we can ",{"#":"speaker:Arthur"},{"#":"portrait:arthur"},{"#":"layout:left"},{"#":"audio:animal_crossing_low"},"\n","^See you folks later ",{"#":"speaker:The Sheriff"},{"#":"portrait:sheriff"},{"#":"layout:right"},{"#":"audio:animal_crossing_mid"},"\n","end",{"#f":1}],"#f":1}],"listDefs":{}}