﻿{"inkVersion":20,"root":[["\n","^Hello there! ",{"#":"speaker:Dr. Green"},{"#":"portrait:dr_green_neutral"},{"#":"layout:left"},{"#":"audio:animal_crossing_mid"},"\n",{"->":"main"},["done",{"#f":5,"#n":"g-0"}],null],"done",{"main":[["^How are you feeling today?","\n","ev","str","^Happy","/str","/ev",{"*":".^.c-0","flg":4},"ev","str","^Sad","/str","/ev",{"*":".^.c-1","flg":4},{"c-0":["\n","ev","str","^exclamation","/str",{"x()":"playEmote","exArgs":1},"pop","/ev","\n","^That makes me feel <color=#F8FF30>happy</color> as well! ",{"#":"portrait:dr_green_happy"},"\n",{"->":".^.^.g-0"},{"#f":5}],"c-1":["\n","^Oh, well that makes me <color=#5B81FF>sad</color> too. ",{"#":"portrait:dr_green_sad"},"\n",{"->":".^.^.g-0"},{"#f":5}],"g-0":["^Don't trust him, he's <b><color=#FF1E35>not</color></b> a real doctor! ",{"#":"speaker:Ms. Yellow"},{"#":"portrait:ms_yellow_neutral"},{"#":"layout:right"},{"#":"audio:animal_crossing_high"},"\n","ev","str","^question","/str",{"x()":"playEmote","exArgs":1},"pop","/ev","\n","^Well, do you have any more questions? ",{"#":"speaker:Dr. Green"},{"#":"portrait:dr_green_neutral"},{"#":"layout:left"},{"#":"audio:animal_crossing_mid"},"\n","ev","str","^Yes","/str","/ev",{"*":".^.c-2","flg":4},"ev","str","^No","/str","/ev",{"*":".^.c-3","flg":4},{"c-2":["\n",{"->":"main"},{"#f":5}],"c-3":["\n","^Goodbye then!","\n","ev","str","^exclamation","/str",{"x()":"playEmote","exArgs":1},"pop","/ev","\n","end",{"#f":5}],"#f":5}]}],{"#f":1}],"global decl":["ev","str","^","/str",{"VAR=":"pokemon_name"},"/ev","end",null],"#f":1}],"listDefs":{}}