﻿{"inkVersion":20,"root":[["\n","ev","str","^exclamation","/str",{"x()":"playEmote","exArgs":1},"pop","/ev","\n",{"#":"audio:animal_crossing_mid"},"ev",{"VAR?":"pokemon_name"},"str","^","/str","==","/ev",[{"->":".^.b","c":true},{"b":["^ ... ",{"->":"0.19"},null]}],[{"->":".^.b"},{"b":["^ ","ev",{"VAR?":"pokemon_name"},"out","/ev","^! ",{"->":"0.19"},null]}],"nop","\n",["done",{"#f":5,"#n":"g-0"}],null],"done",{"global decl":["ev","str","^","/str",{"VAR=":"pokemon_name"},"/ev","end",null],"#f":1}],"listDefs":{}}