﻿{"inkVersion":20,"root":[["\n",{"#":"audio:animal_crossing_low"},"ev",{"VAR?":"pokemon_name"},"str","^","/str","==","/ev",[{"->":".^.b","c":true},{"b":["^ ",{"->":"main"},{"->":"0.11"},null]}],[{"->":".^.b"},{"b":["^ ",{"->":"already_chose"},{"->":"0.11"},null]}],"nop","\n",["done",{"#f":5,"#n":"g-0"}],null],"done",{"main":[["^Which pokemon do you choose?","\n","ev","str","^Charmander","/str","/ev",{"*":".^.c-0","flg":4},"ev","str","^Bulbasaur","/str","/ev",{"*":".^.c-1","flg":4},"ev","str","^Squirtle","/str","/ev",{"*":".^.c-2","flg":4},{"c-0":["\n","ev","str","^Charmander","/str","/ev",{"->":"chosen"},{"#f":5}],"c-1":["\n","ev","str","^Bulbasaur","/str","/ev",{"->":"chosen"},{"#f":5}],"c-2":["\n","ev","str","^Squirtle","/str","/ev",{"->":"chosen"},{"#f":5}]}],{"#f":1}],"chosen":[{"temp=":"pokemon"},"ev",{"VAR?":"pokemon"},"/ev",{"VAR=":"pokemon_name","re":true},"^You chose ","ev",{"VAR?":"pokemon"},"out","/ev","^!","\n","end",{"#f":1}],"already_chose":["^You already chose ","ev",{"VAR?":"pokemon_name"},"out","/ev","^!","\n","end",{"#f":1}],"global decl":["ev","str","^","/str",{"VAR=":"pokemon_name"},"/ev","end",null],"#f":1}],"listDefs":{}}